Workbook

Sheet Project Basic Info
B2: 프로젝트 정보_x000D_ Thông tin dự án | C2: 프로젝트 코드/명_x000D_ Mã/Tên project | E2: 26년 2Q 기업부문 현장업무개선 | F2: 이행 담당_x000D_ PIC triển khai | G2: 공공/통신/교육AX사업담당
C3: 고객사_x000D_ Khách hàng | D3: LG 유플러스 | F3: Premium Pricing 적용 여부_x000D_ Có áp dụng chính sách Premium Pricing không | G3: 해당사항 없음 : 1.00
C4: 견적담당자(소속팀/성명)_x000D_ Estimate PIC (Bộ phận trực thuộc/Họ tên)
C5: 견적방식_x000D_ Hình thức báo giá | D5: 표준공수표 기반 견적
C6: 기존 시스템 정보_x000D_ (재사용이 있는 경우만)_x000D_ Thông tin hệ thống hiện tại_x000D_ (Chỉ trường hợp có reuse)_x000D_ | D6: 재사용 유무_x000D_ Có reuse không | F6: 재사용 있음
D7: 프로그램 모듈화 및 기능의 명확화 정도_x000D_ Mức độ rõ ràng của tính năng và module hóa program | F7: 어려움:40
D8: 문서화 및 소스코드 서술화 정도_x000D_ Mức độ diễn giải source code và văn bản hóa | F8: 보통:30
D9: 재사용난이도_x000D_ Độ khó reuse | F9: =IF(F6="재사용 있음",(1+((RIGHT($F$7,2)+RIGHT($F$8,2))/2)/100*0.8),"N/A") -> 1.28

Sheet Development Effort based on Eff
I1: Online,Batch,I/F,DB,Report,BW,DW,PV,RPA,모바일,기타 | J1: 입력/Nhập,수정/Edit,삭제/Xóa,조회/Query | K1: C0,C1,C2,C3,C4,C5 | L1: New/Change/New Reuse | M1: 33%미만 - 0.25 , 33%-66% - 0.5 , 66%이상 - 0.75
B2: Step1. 단위 프로세스 정의_x000D_ Định nghĩa unit process | H2: Step2. 개발 공수 산정_x000D_ Tính toán effort phát triển | T2: 사용자 정의필드 (참고)
B3: No | C3: LEVEL1_x000D_ 업무/시스템 명_x000D_ Business/system name | D3: LEVEL2_x000D_ 주업무 명_x000D_ Main business name | E3: LEVEL3_x000D_ 화면 혹은 상세업무명_x000D_ Tên màn hình hoặc business chi tiết | F3: LEVEL4_x000D_ 단위프로세스명_x000D_ Unit process name | G3: 단위프로세스 상세 구현 설명_x000D_ Mô tả chi tiết triển khai unit process | H3: 개발유형_x000D_ Development Type | I3: 처리 유형 Loại hình xử lý | J3: 기능 유형 Loại hình function | K3: 난이도_x000D_ Complexity | L3: 신규/변경 구분 Phân lọa New/Change | M3: 재사용 변경율 Tỷ lệ thay đổi reuse | N3: 표준공수 Standard effort | O3: 재사용 적용공수 Effort áp dụng reuse | P3: 기타_x000D_ Other | Q3: 최종공수 (MD) Final effort | R3: 난이도, 재사용, 기타공수 적용 상세_x000D_ Chi tiết áp dụng Complexity, reuse, other effort | S3: 비고_x000D_ Note | T3: 사용자 정의_x000D_ 필드 1 | U3: 사용자 정의_x000D_ 필드 2 | V3: 사용자 정의_x000D_ 필드 3 | W3: 사용자 정의_x000D_ 필드4 | X3: 사용자 정의_x000D_ 필드 5
N4: =SUM(N5:N11) -> 14 | O4: =SUM(O5:O11) -> 4.48 | P4: 0 | Q4: =SUM(Q5:Q11) -> 4.48
B5: 1 | C5: UCube_기업가입 | D5: 기업오더접수 | E5: [3-002] 클라우드 매니지드 서비스 상품 출시 개발 | F5: 가입그룹별속성값상세 등록 | G5: 요금상품(6종), 부가상품(5종) 출시를 위한 데이터 등록 개발 - TB_CMCC_ENTR_GRBY_ATVL_D(가입그룹별속성값상세) | H5: Online_Web | I5: Online | J5: 입력 | K5: C1 | L5: 신규 재사용 | M5: 33%미만 - 0.25 | N5: =IF(RIGHT($H5,2)="기타",0,IF(AND($H5<>"",SUMIFS('Detail Effort Table'!$E:$E,'Detail Effort Table'!$B:$B,$H5,'Detail Effort Table'!$C:$C,LEFT($L5,2),'Detail Effort Table'!$D:$D,$K5)=0),"공수참조불가",SUMIFS('Detail Effort Table'!$E:$E,'Detail Effort Table'!$B:$B,$H5,'Detail Effort Table'!$C:$C,LEFT($L5,2),'Detail Effort Table'!$D:$D,$K5) )) -> 1.8 | O5: =IFERROR(IF($L5="신규 재사용",'Project Basic Info'!$F$9*$N5*RIGHT($M5,5),$N5),"재사용변경율을 선택하세요.") -> 0.576 | Q5: =IF(AND($H5="기타", $P5=0), "기타공수를 입력하세요", IFERROR($O5+$P5, "공수참조가 잘못되었습니다.")) -> 0.576 | T5: [3-002] 클라우드 매니지드 서비스 상품 출시 개발
B6: 2 | C6: UCube_기업가입 | D6: 기업오더접수 | E6: [3-002] 클라우드 매니지드 서비스 상품 출시 개발 | F6: 가입속성값그룹기본 등록 | G6: 요금상품(6종), 부가상품(5종) 출시를 위한 데이터 등록 개발 - TB_CMCC_ENTR_ATVL_GRP_M(가입속성값그룹기본) | H6: Online_Web | I6: Online | J6: 입력 | K6: C1 | L6: 신규 재사용 | M6: 33%미만 - 0.25 | N6: =IF(RIGHT($H6,2)="기타",0,IF(AND($H6<>"",SUMIFS('Detail Effort Table'!$E:$E,'Detail Effort Table'!$B:$B,$H6,'Detail Effort Table'!$C:$C,LEFT($L6,2),'Detail Effort Table'!$D:$D,$K6)=0),"공수참조불가",SUMIFS('Detail Effort Table'!$E:$E,'Detail Effort Table'!$B:$B,$H6,'Detail Effort Table'!$C:$C,LEFT($L6,2),'Detail Effort Table'!$D:$D,$K6) )) -> 1.8 | O6: =IFERROR(IF($L6="신규 재사용",'Project Basic Info'!$F$9*$N6*RIGHT($M6,5),$N6),"재사용변경율을 선택하세요.") -> 0.576 | Q6: =IF(AND($H6="기타", $P6=0), "기타공수를 입력하세요", IFERROR($O6+$P6, "공수참조가 잘못되었습니다.")) -> 0.576 | T6: [3-002] 클라우드 매니지드 서비스 상품 출시 개발
B7: 3 | C7: UCube_기업가입 | D7: 기업오더접수 | E7: [3-002] 클라우드 매니지드 서비스 상품 출시 개발 | F7: 가입속성기본 등록 | G7: 요금상품(6종), 부가상품(5종) 출시를 위한 데이터 등록 개발 - TB_CMCC_ENTR_ATTR_M(가입속성기본) | H7: Online_Web | I7: Online | J7: 입력 | K7: C1 | L7: 신규 재사용 | M7: 33%미만 - 0.25 | N7: =IF(RIGHT($H7,2)="기타",0,IF(AND($H7<>"",SUMIFS('Detail Effort Table'!$E:$E,'Detail Effort Table'!$B:$B,$H7,'Detail Effort Table'!$C:$C,LEFT($L7,2),'Detail Effort Table'!$D:$D,$K7)=0),"공수참조불가",SUMIFS('Detail Effort Table'!$E:$E,'Detail Effort Table'!$B:$B,$H7,'Detail Effort Table'!$C:$C,LEFT($L7,2),'Detail Effort Table'!$D:$D,$K7) )) -> 1.8 | O7: =IFERROR(IF($L7="신규 재사용",'Project Basic Info'!$F$9*$N7*RIGHT($M7,5),$N7),"재사용변경율을 선택하세요.") -> 0.576 | Q7: =IF(AND($H7="기타", $P7=0), "기타공수를 입력하세요", IFERROR($O7+$P7, "공수참조가 잘못되었습니다.")) -> 0.576 | T7: [3-002] 클라우드 매니지드 서비스 상품 출시 개발
B8: 4 | C8: UCube_기업가입 | D8: 기업오더접수 | E8: [3-002] 클라우드 매니지드 서비스 상품 출시 개발 | F8: 가입속성값상세 등록 | G8: 요금상품(6종), 부가상품(5종) 출시를 위한 데이터 등록 개발_x000D_ - TB_CMCC_ENTR_ATVL_D(가입속성값상세) | H8: Online_Web | I8: Online | J8: 입력 | K8: C1 | L8: 신규 재사용 | M8: 33%미만 - 0.25 | N8: =IF(RIGHT($H8,2)="기타",0,IF(AND($H8<>"",SUMIFS('Detail Effort Table'!$E:$E,'Detail Effort Table'!$B:$B,$H8,'Detail Effort Table'!$C:$C,LEFT($L8,2),'Detail Effort Table'!$D:$D,$K8)=0),"공수참조불가",SUMIFS('Detail Effort Table'!$E:$E,'Detail Effort Table'!$B:$B,$H8,'Detail Effort Table'!$C:$C,LEFT($L8,2),'Detail Effort Table'!$D:$D,$K8) )) -> 1.8 | O8: =IFERROR(IF($L8="신규 재사용",'Project Basic Info'!$F$9*$N8*RIGHT($M8,5),$N8),"재사용변경율을 선택하세요.") -> 0.576 | Q8: =IF(AND($H8="기타", $P8=0), "기타공수를 입력하세요", IFERROR($O8+$P8, "공수참조가 잘못되었습니다.")) -> 0.576 | T8: [3-002] 클라우드 매니지드 서비스 상품 출시 개발
B9: 5 | C9: UCube_기업가입 | D9: 기업오더접수 | E9: [3-002] 클라우드 매니지드 서비스 상품 출시 개발 | F9: 서비스속성기본 등록 | G9: 요금상품(6종), 부가상품(5종) 출시를 위한 데이터 등록 개발_x000D_ - TB_CMCC_SVC_ATTR_M(서비스속성기본) | H9: Online_Web | I9: Online | J9: 입력 | K9: C1 | L9: 신규 재사용 | M9: 33%미만 - 0.25 | N9: =IF(RIGHT($H9,2)="기타",0,IF(AND($H9<>"",SUMIFS('Detail Effort Table'!$E:$E,'Detail Effort Table'!$B:$B,$H9,'Detail Effort Table'!$C:$C,LEFT($L9,2),'Detail Effort Table'!$D:$D,$K9)=0),"공수참조불가",SUMIFS('Detail Effort Table'!$E:$E,'Detail Effort Table'!$B:$B,$H9,'Detail Effort Table'!$C:$C,LEFT($L9,2),'Detail Effort Table'!$D:$D,$K9) )) -> 1.8 | O9: =IFERROR(IF($L9="신규 재사용",'Project Basic Info'!$F$9*$N9*RIGHT($M9,5),$N9),"재사용변경율을 선택하세요.") -> 0.576 | Q9: =IF(AND($H9="기타", $P9=0), "기타공수를 입력하세요", IFERROR($O9+$P9, "공수참조가 잘못되었습니다.")) -> 0.576 | T9: [3-002] 클라우드 매니지드 서비스 상품 출시 개발
B10: 6 | C10: UCube_기업가입 | D10: 기업오더접수 | E10: [3-002] 클라우드 매니지드 서비스 상품 출시 개발 | F10: 서비스구성기본 등록 | G10: 요금상품(6종), 부가상품(5종) 출시를 위한 데이터 등록 개발_x000D_ - TB_CMCC_SVC_CSTC_M(서비스구성기본) | H10: Online_Web | I10: Online | J10: 입력 | K10: C1 | L10: 신규 재사용 | M10: 33%미만 - 0.25 | N10: =IF(RIGHT($H10,2)="기타",0,IF(AND($H10<>"",SUMIFS('Detail Effort Table'!$E:$E,'Detail Effort Table'!$B:$B,$H10,'Detail Effort Table'!$C:$C,LEFT($L10,2),'Detail Effort Table'!$D:$D,$K10)=0),"공수참조불가",SUMIFS('Detail Effort Table'!$E:$E,'Detail Effort Table'!$B:$B,$H10,'Detail Effort Table'!$C:$C,LEFT($L10,2),'Detail Effort Table'!$D:$D,$K10) )) -> 1.8 | O10: =IFERROR(IF($L10="신규 재사용",'Project Basic Info'!$F$9*$N10*RIGHT($M10,5),$N10),"재사용변경율을 선택하세요.") -> 0.576 | Q10: =IF(AND($H10="기타", $P10=0), "기타공수를 입력하세요", IFERROR($O10+$P10, "공수참조가 잘못되었습니다.")) -> 0.576 | T10: [3-002] 클라우드 매니지드 서비스 상품 출시 개발
B11: 7 | C11: UCube_기업가입 | D11: 기업오더접수 | E11: [3-002] 클라우드 매니지드 서비스 상품 출시 개발 | F11: 상품구성기본 등록 | G11: 요금상품(6종), 부가상품(5종) 출시를 위한 데이터 등록 개발_x000D_ - TB_CMCC_PROD_CSTC_D(상품구성기본) | H11: Online_Web | I11: Online | J11: 입력 | K11: C2 | L11: 신규 재사용 | M11: 33%미만 - 0.25 | N11: =IF(RIGHT($H11,2)="기타",0,IF(AND($H11<>"",SUMIFS('Detail Effort Table'!$E:$E,'Detail Effort Table'!$B:$B,$H11,'Detail Effort Table'!$C:$C,LEFT($L11,2),'Detail Effort Table'!$D:$D,$K11)=0),"공수참조불가",SUMIFS('Detail Effort Table'!$E:$E,'Detail Effort Table'!$B:$B,$H11,'Detail Effort Table'!$C:$C,LEFT($L11,2),'Detail Effort Table'!$D:$D,$K11) )) -> 3.2 | O11: =IFERROR(IF($L11="신규 재사용",'Project Basic Info'!$F$9*$N11*RIGHT($M11,5),$N11),"재사용변경율을 선택하세요.") -> 1.024 | Q11: =IF(AND($H11="기타", $P11=0), "기타공수를 입력하세요", IFERROR($O11+$P11, "공수참조가 잘못되었습니다.")) -> 1.024 | T11: [3-002] 클라우드 매니지드 서비스 상품 출시 개발

Sheet Detail Effort Table
A2: 개발유형 Development Type | B2: 개발유형 Development Type | C2: 신규/변경 New/Change | D2: 난이도 Complexity | E2: 표준개발공수 Standard Development Effort
A3: WEB | B3: Online_Web | C3: 신규 | D3: C0 | E3: 1.1
A4: WEB | B4: Online_Web | C4: 신규 | D4: C1 | E4: 1.8
A5: WEB | B5: Online_Web | C5: 신규 | D5: C2 | E5: 3.2
A6: WEB | B6: Online_Web | C6: 신규 | D6: C3 | E6: 5
A7: WEB | B7: Online_Web | C7: 신규 | D7: C4 | E7: 7.4
A8: WEB | B8: Online_Web | C8: 신규 | D8: C5 | E8: 11.9
A9: WEB | B9: Online_Web | C9: 변경 | D9: C0 | E9: 0.6
A10: WEB | B10: Online_Web | C10: 변경 | D10: C1 | E10: 1
A11: WEB | B11: Online_Web | C11: 변경 | D11: C2 | E11: 2.3
A12: WEB | B12: Online_Web | C12: 변경 | D12: C3 | E12: 3.6
A13: WEB | B13: Online_Web | C13: 변경 | D13: C4 | E13: 5.3
A14: WEB | B14: Online_Web | C14: 변경 | D14: C5 | E14: 8.9
B15: BATCH

Sheet Complexity
B2: [Web]
B3: 처리유형_x000D_ Loại hình xử lý | C3: 항목_x000D_ Item | D3: C1 | E3: C2 | F3: C3 | G3: C4 | H3: C5
B4: Online | C4: Table_x000D_ (코드성 제외/ Loại trừ bảng code) | D4: . 2개이하_x000D_ Dưới 2 | E4: . 3개이하_x000D_ Dưới 3 | F4: . 4개이하_x000D_ Dưới 4 | G4: . 5개 이상_x000D_ Trên 5 | H4: . Complexity4 이상 특이사항이 있어 협의가 필요한 경우_x000D_ Trường hợp có nội dung đặc thù trên Complexity4, cần thảo luận
C5: 컬럼/항목수_x000D_ (화면, 핸드링)_x000D_ Số lượng collumn/item_x000D_ (Scrên, handeling) | D5: . 10개 이하_x000D_ Dưới 10 | E5: . 10~20 | F5: . 15~25 | G5: . 25 이상_x000D_ Trên 25
C6: 처리복잡도/ Mức độ phức tạp xử lý_x000D_ (Validation 주1)) | D6: . 5개 이하_x000D_ Dưới 5 | E6: . 6 ~ 10 | F6: . 11~15 | G6: . 15개 초과_x000D_ Vượt quá 15
C7: 처리복잡도/ Mức độ phức tạp xử lý_x000D_ 1) 업무로직 수/ Số lượng business logic 주2)_x000D_ 2) 계산식/ Công thức tính toán 주3)_x000D_ 3) 화면기능/ Tính năng màn hình 주4)_x000D_ | D7: . 없음_x000D_ Không có | E7: . 1~5 | F7: . 6~10 | G7: . 10 초과_x000D_ Vượt quá 10
C8: UI 요소(공통)_x000D_ UI component (Common) | D8: . 디자인, Align 등 복잡성과 심미성 요인 반영 가감
C9: 기타/예시 _x000D_ Other/Ví dụ | D9: . 공통 Excel Download 기능_x000D_ . 계산이 없는 단순조회 (ex. 사번조회)_x000D_ _x000D_ | E9: . 계산이 있는 일반 List 조회_x000D_ . 단순 아이콘 메뉴 생성 - 화면UI와 이미지만 있는 경우_x000D_ . 업무상 주요 Logic이 없는 경우_x000D_ . 간단한 입력, 수정 화면, 단순한 조인 및 조회 결과에 대한 처리 화면_x000D_ | F9: . Table 컬럼 변경 및 추가_x000D_ . 업무의 중요한 Logic이 있는 경우_x000D_ . 디자인의 복잡성으로 수작업이 많이 요구되는 경우_x000D_ . 칼럼별 정렬등 특정 기능 요구되는 경우, 페이지 기능이 있는 화면등_x000D_ | G9: . 데이타 업로드 처리화면(파일을 이용한 데이타 업로드)_x000D_ . 업무의 중요한 Logic에 따른 Validation 복잡성이 있는 경우_x000D_ . 목록 조회 시 서비스 간 API 호출을 통해 데이터를 조회하고 Application Join이 존재하는 경우 (MSA 고려) | H9: . 외부기기 연동 및 업체제공 기능 모듈, Open API등의 연계가 필요한 경우_x000D_ . Device를 응용하여 구현이 필요한 요구사항이 있는 경우_x000D_ . 자체 보안 및 암호화 모듈의 구성요청이 있는 경우_x000D_ . 솔루션 도입 등 특이사항 발생하는 경우_x000D_ . 매우 복잡한 로직 수행, 외부 하드웨어 제어, 신기술 적용_x000D_ . 서비스 분리로 인해 서비스 간 보상 처리 Transaction을 구현하는 경우 (MSA 고려)
B11: 주1) 화면단에서 Alert나 JavaScript로 처리되는 수(검증,Check) | E11: 주3) Average,Sum, 편차 등
B12: 주2) Server Logic상 분기나 유형별 처리 등 특이 업무로직이 없음 | E12: 주4) 화면링크, Reset, 페이징 처리, 파일첨부, 정렬기능, 메일링 등

Sheet Refer Diagram 
D4: Standard effort | T4: Effort áp dụng reuse | AK4: Final effort
